{
  "Right Option Key Sends" : 0,
  "Tags" : [

  ],
  "Ansi 12 Color" : {
    "Green Component" : 0.85316574331107853,
    "Red Component" : 0.37147584009247303,
    "Blue Component" : 1
  },
  "Ansi 6 Color" : {
    "Green Component" : 0.58358645439147949,
    "Red Component" : 0.31322792172431946,
    "Blue Component" : 0.32257857918739319
  },
  "Draw Powerline Glyphs" : true,
  "Bold Color" : {
    "Green Component" : 0.96674925088882446,
    "Red Component" : 0.96554511785507202,
    "Blue Component" : 0.92647796869277954
  },
  "Ansi 4 Color" : {
    "Green Component" : 0.59558641910552979,
    "Red Component" : 0.076452888548374176,
    "Blue Component" : 0.72711014747619629
  },
  "Normal Font" : "MesloLGS-NF-Regular 11",
  "Ansi 5 Color" : {
    "Green Component" : 0.38723450899124146,
    "Red Component" : 0.81733012199401855,
    "Blue Component" : 0.23795859515666962
  },
  "Rows" : 80,
  "Default Bookmark" : "No",
  "Use Non-ASCII Font" : false,
  "Ansi 2 Color" : {
    "Green Component" : 0.77135968208312988,
    "Red Component" : 0.52098661661148071,
    "Blue Component" : 0.29782649874687195
  },
  "Cursor Guide Color" : {
    "Red Component" : 0.70213186740875244,
    "Color Space" : "sRGB",
    "Blue Component" : 1,
    "Alpha Component" : 0.25,
    "Green Component" : 0.9268307089805603
  },
  "Non-ASCII Anti Aliased" : true,
  "Use Bright Bold" : true,
  "Ansi 10 Color" : {
    "Green Component" : 0.87853199243545532,
    "Red Component" : 0.59467506408691406,
    "Blue Component" : 0.21171550452709198
  },
  "Ambiguous Double Width" : false,
  "Jobs to Ignore" : [
    "rlogin",
    "ssh",
    "slogin",
    "telnet"
  ],
  "Ansi 15 Color" : {
    "Green Component" : 0.96674925088882446,
    "Red Component" : 0.96554511785507202,
    "Blue Component" : 0.92647796869277954
  },
  "Foreground Color" : {
    "Green Component" : 0.77994555234909058,
    "Red Component" : 0.89940738677978516,
    "Blue Component" : 0.66080135107040405
  },
  "Working Directory" : "\/Users\/wasimabbas",
  "Use Tab Color" : false,
  "Blinking Cursor" : true,
  "Disable Window Resizing" : true,
  "Sync Title" : false,
  "Prompt Before Closing 2" : 1,
  "BM Growl" : true,
  "Command" : "",
  "Description" : "Default",
  "Mouse Reporting" : true,
  "Screen" : -1,
  "Selection Color" : {
    "Green Component" : 0.078538775444030762,
    "Red Component" : 0.068749949336051941,
    "Blue Component" : 0.092175714671611786
  },
  "Columns" : 300,
  "Idle Code" : 0,
  "Ansi 13 Color" : {
    "Green Component" : 0.57203325997221155,
    "Red Component" : 1,
    "Blue Component" : 0.41142682190734714
  },
  "Brighten Bold Text" : true,
  "Custom Command" : "No",
  "ASCII Anti Aliased" : true,
  "Non Ascii Font" : "Monaco 12",
  "Vertical Spacing" : 1,
  "Use Bold Font" : true,
  "Option Key Sends" : 0,
  "Selected Text Color" : {
    "Green Component" : 0.77994555234909058,
    "Red Component" : 0.89940738677978516,
    "Blue Component" : 0.66080135107040405
  },
  "Background Color" : {
    "Red Component" : 0.152374267578125,
    "Color Space" : "sRGB",
    "Blue Component" : 0.11942370422184467,
    "Alpha Component" : 1,
    "Green Component" : 0.13739671394571523
  },
  "Character Encoding" : 4,
  "Ansi 11 Color" : {
    "Green Component" : 0.83635997772216797,
    "Red Component" : 0.87748140096664429,
    "Blue Component" : 0.38154411315917969
  },
  "Use Italic Font" : true,
  "Unlimited Scrollback" : true,
  "Keyboard Map" : {
    "0xf700-0x260000" : {
      "Action" : 10,
      "Text" : "[1;6A"
    },
    "0x37-0x40000" : {
      "Action" : 11,
      "Text" : "0x1f"
    },
    "0x32-0x40000" : {
      "Action" : 11,
      "Text" : "0x00"
    },
    "0xf709-0x20000" : {
      "Action" : 10,
      "Text" : "[17;2~"
    },
    "0xf70c-0x20000" : {
      "Action" : 10,
      "Text" : "[20;2~"
    },
    "0xf729-0x20000" : {
      "Action" : 10,
      "Text" : "[1;2H"
    },
    "0xf72b-0x40000" : {
      "Action" : 10,
      "Text" : "[1;5F"
    },
    "0xf705-0x20000" : {
      "Action" : 10,
      "Text" : "[1;2Q"
    },
    "0xf703-0x260000" : {
      "Action" : 10,
      "Text" : "[1;6C"
    },
    "0xf700-0x220000" : {
      "Action" : 10,
      "Text" : "[1;2A"
    },
    "0xf701-0x280000" : {
      "Action" : 11,
      "Text" : "0x1b 0x1b 0x5b 0x42"
    },
    "0x38-0x40000" : {
      "Action" : 11,
      "Text" : "0x7f"
    },
    "0x33-0x40000" : {
      "Action" : 11,
      "Text" : "0x1b"
    },
    "0xf703-0x220000" : {
      "Action" : 10,
      "Text" : "[1;2C"
    },
    "0xf701-0x240000" : {
      "Action" : 10,
      "Text" : "[1;5B"
    },
    "0xf70d-0x20000" : {
      "Action" : 10,
      "Text" : "[21;2~"
    },
    "0xf702-0x260000" : {
      "Action" : 10,
      "Text" : "[1;6D"
    },
    "0xf729-0x40000" : {
      "Action" : 10,
      "Text" : "[1;5H"
    },
    "0xf706-0x20000" : {
      "Action" : 10,
      "Text" : "[1;2R"
    },
    "0x34-0x40000" : {
      "Action" : 11,
      "Text" : "0x1c"
    },
    "0xf700-0x280000" : {
      "Action" : 11,
      "Text" : "0x1b 0x1b 0x5b 0x41"
    },
    "0x2d-0x40000" : {
      "Action" : 11,
      "Text" : "0x1f"
    },
    "0xf70e-0x20000" : {
      "Action" : 10,
      "Text" : "[23;2~"
    },
    "0xf702-0x220000" : {
      "Action" : 10,
      "Text" : "[1;2D"
    },
    "0xf703-0x280000" : {
      "Action" : 11,
      "Text" : "0x1b 0x1b 0x5b 0x43"
    },
    "0xf700-0x240000" : {
      "Action" : 10,
      "Text" : "[1;5A"
    },
    "0xf707-0x20000" : {
      "Action" : 10,
      "Text" : "[1;2S"
    },
    "0xf70a-0x20000" : {
      "Action" : 10,
      "Text" : "[18;2~"
    },
    "0x35-0x40000" : {
      "Action" : 11,
      "Text" : "0x1d"
    },
    "0xf70f-0x20000" : {
      "Action" : 10,
      "Text" : "[24;2~"
    },
    "0xf703-0x240000" : {
      "Action" : 10,
      "Text" : "[1;5C"
    },
    "0xf701-0x260000" : {
      "Action" : 10,
      "Text" : "[1;6B"
    },
    "0xf702-0x280000" : {
      "Action" : 11,
      "Text" : "0x1b 0x1b 0x5b 0x44"
    },
    "0xf72b-0x20000" : {
      "Action" : 10,
      "Text" : "[1;2F"
    },
    "0x36-0x40000" : {
      "Action" : 11,
      "Text" : "0x1e"
    },
    "0xf708-0x20000" : {
      "Action" : 10,
      "Text" : "[15;2~"
    },
    "0xf701-0x220000" : {
      "Action" : 10,
      "Text" : "[1;2B"
    },
    "0xf70b-0x20000" : {
      "Action" : 10,
      "Text" : "[19;2~"
    },
    "0xf702-0x240000" : {
      "Action" : 10,
      "Text" : "[1;5D"
    },
    "0xf704-0x20000" : {
      "Action" : 10,
      "Text" : "[1;2P"
    }
  },
  "Window Type" : 0,
  "Background Image Location" : "",
  "Blur" : false,
  "Badge Color" : {
    "Red Component" : 1,
    "Color Space" : "sRGB",
    "Blue Component" : 0,
    "Alpha Component" : 0.5,
    "Green Component" : 0.1491314172744751
  },
  "Scrollback Lines" : 0,
  "Send Code When Idle" : false,
  "Close Sessions On End" : true,
  "Terminal Type" : "xterm-256color",
  "Visual Bell" : true,
  "Flashing Bell" : false,
  "Silence Bell" : true,
  "Ansi 14 Color" : {
    "Green Component" : 0.9400418660287081,
    "Red Component" : 0.51746741913327099,
    "Blue Component" : 0.53423431188476755
  },
  "Name" : "Default",
  "Cursor Text Color" : {
    "Green Component" : 0.14467915892601013,
    "Red Component" : 0.15955506265163422,
    "Blue Component" : 0.12647624313831329
  },
  "Minimum Contrast" : 0,
  "Shortcut" : "",
  "Tab Color" : {
    "Red Component" : 0.194366455078125,
    "Color Space" : "sRGB",
    "Blue Component" : 0.16874493705108762,
    "Alpha Component" : 1,
    "Green Component" : 0.16874493705108762
  },
  "Cursor Color" : {
    "Green Component" : 0.96674925088882446,
    "Red Component" : 0.96554511785507202,
    "Blue Component" : 0.92647796869277954
  },
  "Guid" : "56CE4207-728E-40F8-AEF9-899A85ADC6D8",
  "Custom Directory" : "No",
  "Link Color" : {
    "Red Component" : 0,
    "Color Space" : "sRGB",
    "Blue Component" : 0.73423302173614502,